{
  "results": [
    {
      "user_id": "user_0102",
      "items": [
        "item_0001",
        "item_0099",
        "item_0002",
        "item_0055",
        "item_0169",
        "item_0318",
        "item_0259",
        "item_0125",
        "item_0110",
        "item_0268"
      ],
      "categories": [
        "Beauty",
        "Books",
        "Electronics",
        "Fashion",
        "Fitness",
        "Gourmet",
        "Home",
        "Outdoors"
      ],
      "ndcg@10": 0.01410888455137705,
      "recall@20": 0.02857142857142857,
      "mrr@10": 0.3333333333333333,
      "relevance_count": 35,
      "starter_profile": {
        "acmetech": 0.0024999999999999988,
        "active": 0.03,
        "adventure": 0.03,
        "apparel": 0.0475,
        "atlasreads": 0.001999999999999999,
        "backorder": 0.001999999999999999,
        "beauty": 0.034999999999999996,
        "books": 0.056,
        "decor": 0.047,
        "electronics": 0.0785,
        "fashion": 0.0475,
        "fitness": 0.03,
        "gadgets": 0.0785,
        "health": 0.03,
        "home": 0.047,
        "literature": 0.056,
        "living": 0.047,
        "loomlab": 0.0024999999999999988,
        "new_arrival": 0.001999999999999999,
        "nimbus": 0.007499999999999996,
        "outdoors": 0.03,
        "purebloom": 0.0024999999999999988,
        "radianthue": 0.0024999999999999988,
        "reading": 0.056,
        "skincare": 0.034999999999999996,
        "smart": 0.0785,
        "style": 0.0475,
        "travel": 0.03,
        "urbandwelling": 0.001999999999999999,
        "voltify": 0.0024999999999999988,
        "wellness": 0.034999999999999996
      }
    },
    {
      "user_id": "user_0107",
      "items": [
        "item_0001",
        "item_0099",
        "item_0002",
        "item_0304",
        "item_0021",
        "item_0094",
        "item_0005",
        "item_0154",
        "item_0120",
        "item_0268"
      ],
      "categories": [
        "Beauty",
        "Books",
        "Electronics",
        "Fashion",
        "Fitness",
        "Gourmet",
        "Home",
        "Outdoors"
      ],
      "ndcg@10": 0.2647699917613316,
      "recall@20": 0.09523809523809523,
      "mrr@10": 1.0,
      "relevance_count": 42,
      "starter_profile": {
        "acmetech": 0.0020000000000000005,
        "active": 0.03000000000000001,
        "adventure": 0.03000000000000001,
        "apparel": 0.04750000000000001,
        "atlasreads": 0.0020000000000000005,
        "beauty": 0.03000000000000001,
        "books": 0.066,
        "circuitlab": 0.0045000000000000005,
        "decor": 0.045000000000000005,
        "electronics": 0.07500000000000001,
        "fashion": 0.04750000000000001,
        "fitness": 0.03000000000000001,
        "gadgets": 0.07500000000000001,
        "health": 0.03000000000000001,
        "high_margin": 0.0020000000000000005,
        "home": 0.045000000000000005,
        "literature": 0.066,
        "living": 0.045000000000000005,
        "loomlab": 0.002500000000000001,
        "new_arrival": 0.004000000000000001,
        "outdoors": 0.03000000000000001,
        "pioneerwords": 0.0075000000000000015,
        "quanta": 0.002500000000000001,
        "reading": 0.066,
        "skincare": 0.03000000000000001,
        "smart": 0.07500000000000001,
        "style": 0.04750000000000001,
        "travel": 0.03000000000000001,
        "voltify": 0.002500000000000001,
        "wellness": 0.03000000000000001
      }
    },
    {
      "user_id": "user_0112",
      "items": [
        "item_0001",
        "item_0099",
        "item_0002",
        "item_0055",
        "item_0101",
        "item_0038",
        "item_0048",
        "item_0232",
        "item_0125",
        "item_0229"
      ],
      "categories": [
        "Beauty",
        "Books",
        "Electronics",
        "Fashion",
        "Fitness",
        "Gourmet",
        "Home",
        "Outdoors"
      ],
      "ndcg@10": 0.022519172226907577,
      "recall@20": 0.05263157894736842,
      "mrr@10": 0.3333333333333333,
      "relevance_count": 19,
      "starter_profile": {
        "active": 0.030000000000000002,
        "adventure": 0.030000000000000002,
        "apparel": 0.04499999999999999,
        "atlasreads": 0.006999999999999999,
        "beauty": 0.037,
        "books": 0.061,
        "brightliving": 0.0025,
        "circuitlab": 0.0025,
        "decor": 0.0475,
        "electronics": 0.0735,
        "fashion": 0.04499999999999999,
        "fitness": 0.030000000000000002,
        "gadgets": 0.0735,
        "health": 0.030000000000000002,
        "high_margin": 0.004,
        "home": 0.0475,
        "literature": 0.061,
        "living": 0.0475,
        "luxeglow": 0.002,
        "nimbus": 0.0025,
        "outdoors": 0.030000000000000002,
        "reading": 0.061,
        "skincare": 0.037,
        "smart": 0.0735,
        "style": 0.04499999999999999,
        "travel": 0.030000000000000002,
        "velvetsky": 0.005,
        "voltify": 0.0025,
        "wellness": 0.037
      }
    },
    {
      "user_id": "user_0117",
      "items": [
        "item_0025",
        "item_0075",
        "item_0115",
        "item_0211",
        "item_0109",
        "item_0318",
        "item_0307",
        "item_0167",
        "item_0259",
        "item_0180"
      ],
      "categories": [
        "Beauty",
        "Books",
        "Electronics",
        "Fashion",
        "Fitness",
        "Gourmet",
        "Home",
        "Outdoors"
      ],
      "ndcg@10": 0.0,
      "recall@20": 0.0,
      "mrr@10": 0.0,
      "relevance_count": 22,
      "starter_profile": {
        "active": 0.030000000000000013,
        "adventure": 0.030000000000000013,
        "apparel": 0.04900000000000001,
        "beauty": 0.032500000000000015,
        "books": 0.06100000000000002,
        "brightliving": 0.0025,
        "circuitlab": 0.0020000000000000005,
        "couturex": 0.0020000000000000005,
        "cozynest": 0.0025,
        "decor": 0.05000000000000001,
        "electronics": 0.07000000000000003,
        "fashion": 0.04900000000000001,
        "fitness": 0.030000000000000013,
        "gadgets": 0.07000000000000003,
        "health": 0.030000000000000013,
        "high_margin": 0.01,
        "home": 0.05000000000000001,
        "literature": 0.06100000000000002,
        "living": 0.05000000000000001,
        "midnightlane": 0.0020000000000000005,
        "outdoors": 0.030000000000000013,
        "pioneerwords": 0.0020000000000000005,
        "purebloom": 0.0025,
        "quanta": 0.005,
        "reading": 0.06100000000000002,
        "skincare": 0.032500000000000015,
        "smart": 0.07000000000000003,
        "style": 0.04900000000000001,
        "travel": 0.030000000000000013,
        "voltify": 0.0020000000000000005,
        "wellness": 0.032500000000000015
      }
    },
    {
      "user_id": "user_0022",
      "items": [
        "item_0005",
        "item_0001",
        "item_0075",
        "item_0002",
        "item_0105",
        "item_0217",
        "item_0052",
        "item_0304",
        "item_0115",
        "item_0277"
      ],
      "categories": [
        "Beauty",
        "Books",
        "Electronics",
        "Fashion",
        "Fitness",
        "Gourmet",
        "Home",
        "Outdoors"
      ],
      "ndcg@10": 0.11302518792898221,
      "recall@20": 0.21428571428571427,
      "mrr@10": 1.0,
      "relevance_count": 14,
      "starter_profile": {
        "acmetech": 0.0045,
        "active": 0.030000000000000002,
        "adventure": 0.030000000000000002,
        "apparel": 0.0495,
        "backorder": 0.002,
        "beauty": 0.03200000000000001,
        "books": 0.05650000000000001,
        "circuitlab": 0.002,
        "cozynest": 0.0025,
        "decor": 0.0495,
        "electronics": 0.07500000000000001,
        "fashion": 0.0495,
        "fitness": 0.030000000000000002,
        "gadgets": 0.07500000000000001,
        "health": 0.030000000000000002,
        "high_margin": 0.002,