{
  "results": [
    {
      "user_id": "user_0102",
      "items": [
        "item_0092",
        "item_0320",
        "item_0001",
        "item_0264",
        "item_0116",
        "item_0038",
        "item_0055",
        "item_0054",
        "item_0068",
        "item_0144"
      ],
      "categories": [
        "Beauty",
        "Books",
        "Electronics",
        "Fashion",
        "Fitness",
        "Gourmet",
        "Home",
        "Outdoors"
      ],
      "ndcg@10": 0.01780343010633693,
      "recall@20": 0.02857142857142857,
      "mrr@10": 0.5,
      "relevance_count": 35,
      "starter_profile": {
        "acmetech": 0.0019999999999999996,
        "active": 0.030666666666666672,
        "adventure": 0.036800000000000006,
        "apparel": 0.03880000000000001,
        "atlasreads": 0.0015999999999999994,
        "backorder": 0.0015999999999999994,
        "beauty": 0.028533333333333338,
        "books": 0.04453333333333334,
        "decor": 0.04453333333333334,
        "electronics": 0.06520000000000001,
        "fashion": 0.03880000000000001,
        "fitness": 0.030666666666666672,
        "food": 0.036800000000000006,
        "gadgets": 0.06520000000000001,
        "gourmet": 0.036800000000000006,
        "health": 0.030666666666666672,
        "home": 0.04453333333333334,
        "kitchen": 0.036800000000000006,
        "literature": 0.04453333333333334,
        "living": 0.04453333333333334,
        "loomlab": 0.0019999999999999996,
        "new_arrival": 0.0015999999999999994,
        "nimbus": 0.0059999999999999975,
        "outdoors": 0.036800000000000006,
        "purebloom": 0.0019999999999999996,
        "radianthue": 0.0019999999999999996,
        "reading": 0.04453333333333334,
        "skincare": 0.028533333333333338,
        "smart": 0.06520000000000001,
        "style": 0.03880000000000001,
        "travel": 0.036800000000000006,
        "urbandwelling": 0.0015999999999999994,
        "voltify": 0.0019999999999999996,
        "wellness": 0.028533333333333338
      }
    },
    {
      "user_id": "user_0107",
      "items": [
        "item_0080",
        "item_0001",
        "item_0313",
        "item_0212",
        "item_0299",
        "item_0304",
        "item_0021",
        "item_0120",
        "item_0033",
        "item_0068"
      ],
      "categories": [
        "Beauty",
        "Books",
        "Electronics",
        "Fashion",
        "Fitness",
        "Gourmet",
        "Home",
        "Outdoors"
      ],
      "ndcg@10": 0.11468991285878041,
      "recall@20": 0.047619047619047616,
      "mrr@10": 0.5,
      "relevance_count": 42,
      "starter_profile": {
        "acmetech": 0.0015999999999999992,
        "active": 0.03066666666666667,
        "adventure": 0.0368,
        "apparel": 0.0388,
        "atlasreads": 0.0015999999999999992,
        "beauty": 0.024533333333333338,
        "books": 0.052533333333333335,
        "circuitlab": 0.003599999999999998,
        "decor": 0.04293333333333334,
        "electronics": 0.0624,
        "fashion": 0.0388,
        "fitness": 0.03066666666666667,
        "food": 0.0368,
        "gadgets": 0.0624,
        "gourmet": 0.0368,
        "health": 0.03066666666666667,
        "high_margin": 0.0015999999999999992,
        "home": 0.04293333333333334,
        "kitchen": 0.0368,
        "literature": 0.052533333333333335,
        "living": 0.04293333333333334,
        "loomlab": 0.001999999999999999,
        "new_arrival": 0.0031999999999999984,
        "outdoors": 0.0368,
        "pioneerwords": 0.005999999999999997,
        "quanta": 0.001999999999999999,
        "reading": 0.052533333333333335,
        "skincare": 0.024533333333333338,
        "smart": 0.0624,
        "style": 0.0388,
        "travel": 0.0368,
        "voltify": 0.001999999999999999,
        "wellness": 0.024533333333333338
      }
    },
    {
      "user_id": "user_0112",
      "items": [
        "item_0320",
        "item_0238",
        "item_0248",
        "item_0001",
        "item_0080",
        "item_0057",
        "item_0037",
        "item_0055",
        "item_0277",
        "item_0144"
      ],
      "categories": [
        "Beauty",
        "Books",
        "Electronics",
        "Fashion",
        "Fitness",
        "Gourmet",
        "Home",
        "Outdoors"
      ],
      "ndcg@10": 0.01742320998515464,
      "recall@20": 0.05263157894736842,
      "mrr@10": 0.2,
      "relevance_count": 19,
      "starter_profile": {
        "active": 0.03066666666666666,
        "adventure": 0.0368,
        "apparel": 0.0368,
        "atlasreads": 0.0055999999999999965,
        "beauty": 0.030133333333333328,
        "books": 0.048533333333333324,
        "brightliving": 0.001999999999999999,
        "circuitlab": 0.001999999999999999,
        "decor": 0.04493333333333333,
        "electronics": 0.061199999999999984,
        "fashion": 0.0368,
        "fitness": 0.03066666666666666,
        "food": 0.0368,
        "gadgets": 0.061199999999999984,
        "gourmet": 0.0368,
        "health": 0.03066666666666666,
        "high_margin": 0.0031999999999999984,
        "home": 0.04493333333333333,
        "kitchen": 0.0368,
        "literature": 0.048533333333333324,
        "living": 0.04493333333333333,
        "luxeglow": 0.0015999999999999992,
        "nimbus": 0.001999999999999999,
        "outdoors": 0.0368,
        "reading": 0.048533333333333324,
        "skincare": 0.030133333333333328,
        "smart": 0.061199999999999984,
        "style": 0.0368,
        "travel": 0.0368,
        "velvetsky": 0.003999999999999998,
        "voltify": 0.001999999999999999,
        "wellness": 0.030133333333333328
      }
    },
    {
      "user_id": "user_0117",
      "items": [
        "item_0218",
        "item_0092",
        "item_0313",
        "item_0139",
        "item_0018",
        "item_0286",
        "item_0180",
        "item_0033",
        "item_0068",
        "item_0120"
      ],
      "categories": [
        "Beauty",
        "Books",
        "Electronics",
        "Fashion",
        "Fitness",
        "Gourmet",
        "Home",
        "Outdoors"
      ],
      "ndcg@10": 0.0,
      "recall@20": 0.0,
      "mrr@10": 0.0,
      "relevance_count": 22,
      "starter_profile": {
        "active": 0.03066666666666667,
        "adventure": 0.0368,
        "apparel": 0.039999999999999994,
        "beauty": 0.026533333333333336,
        "books": 0.04853333333333333,
        "brightliving": 0.0019999999999999987,
        "circuitlab": 0.001599999999999999,
        "couturex": 0.001599999999999999,
        "cozynest": 0.0019999999999999987,
        "decor": 0.046933333333333334,
        "electronics": 0.058399999999999994,
        "fashion": 0.039999999999999994,
        "fitness": 0.03066666666666667,
        "food": 0.0368,
        "gadgets": 0.058399999999999994,
        "gourmet": 0.0368,
        "health": 0.03066666666666667,
        "high_margin": 0.007999999999999995,
        "home": 0.046933333333333334,
        "kitchen": 0.0368,
        "literature": 0.04853333333333333,
        "living": 0.046933333333333334,
        "midnightlane": 0.001599999999999999,
        "outdoors": 0.0368,
        "pioneerwords": 0.001599999999999999,
        "purebloom": 0.0019999999999999987,
        "quanta": 0.0039999999999999975,
        "reading": 0.04853333333333333,
        "skincare": 0.026533333333333336,
        "smart": 0.058399999999999994,
        "style": 0.039999999999999994,
        "travel": 0.0368,
        "voltify": 0.001599999999999999,
        "wellness": 0.026533333333333336
      }
    },
    {
      "user_id": "user_0022",
      "items": [
        "item_0001",
        "item_0092",
        "item_0313",
        "item_0248",
        "item_0320",
        "item_0018",
        "item_0038",
        "item_0304",
        "item_0144",
        "item_0277"
      ],