{
  "results": [
    {
      "user_id": "user_0102",
      "items": [
        "item_0021",
        "item_0201",
        "item_0285",
        "item_0037",
        "item_0039",
        "item_0250",
        "item_0068",
        "item_0210",
        "item_0296",
        "item_0315"
      ],
      "categories": [
        "Beauty",
        "Electronics",
        "Fashion",
        "Outdoors"
      ],
      "ndcg@10": 0.0,
      "recall@20": 0.0,
      "mrr@10": 0.0,
      "relevance_count": 9,
      "starter_profile": {
        "active": 0.011666666666666664,
        "adventure": 0.011666666666666664,
        "apparel": 0.04675,
        "beauty": 0.0225,
        "books": 0.0665,
        "brightliving": 0.013000000000000003,
        "circuitlab": 0.026000000000000006,
        "couturex": 0.013000000000000003,
        "decor": 0.030499999999999992,
        "electronics": 0.06791666666666667,
        "fashion": 0.04675,
        "fitness": 0.011666666666666664,
        "gadgets": 0.06791666666666667,
        "health": 0.011666666666666664,
        "high_margin": 0.04983333333333334,
        "home": 0.030499999999999992,
        "leafpress": 0.016250000000000004,
        "literature": 0.0665,
        "living": 0.030499999999999992,
        "midnightlane": 0.016250000000000004,
        "new_arrival": 0.03683333333333334,
        "outdoors": 0.011666666666666664,
        "quanta": 0.02925000000000001,
        "reading": 0.0665,
        "skincare": 0.0225,
        "smart": 0.06791666666666667,
        "style": 0.04675,
        "travel": 0.011666666666666664,
        "velvetsky": 0.010833333333333335,
        "voltify": 0.016250000000000004,
        "wellness": 0.0225
      }
    },
    {
      "user_id": "user_0107",
      "items": [
        "item_0250",
        "item_0039",
        "item_0315",
        "item_0101",
        "item_0021",
        "item_0296",
        "item_0001",
        "item_0295",
        "item_0032",
        "item_0192"
      ],
      "categories": [
        "Beauty",
        "Books",
        "Electronics",
        "Fashion",
        "Fitness",
        "Gourmet",
        "Home",
        "Outdoors"
      ],
      "ndcg@10": 0.0,
      "recall@20": 0.0,
      "mrr@10": 0.0,
      "relevance_count": 10,
      "starter_profile": {
        "active": 0.011666666666666664,
        "adventure": 0.011666666666666664,
        "apparel": 0.07925,
        "beauty": 0.03875,
        "books": 0.03724999999999999,
        "circuitlab": 0.013000000000000001,
        "couturex": 0.013000000000000001,
        "decor": 0.01749999999999999,
        "electronics": 0.07116666666666666,
        "fashion": 0.07925,
        "fitness": 0.011666666666666664,
        "gadgets": 0.07116666666666666,
        "health": 0.011666666666666664,
        "high_margin": 0.023833333333333335,
        "home": 0.01749999999999999,
        "literature": 0.03724999999999999,
        "living": 0.01749999999999999,
        "luxeglow": 0.027083333333333334,
        "midnightlane": 0.04875,
        "new_arrival": 0.023833333333333335,
        "nimbus": 0.0325,
        "outdoors": 0.011666666666666664,
        "quanta": 0.01625,
        "reading": 0.03724999999999999,
        "skincare": 0.03875,
        "smart": 0.07116666666666666,
        "style": 0.07925,
        "travel": 0.011666666666666664,
        "wellness": 0.03875
      }
    },
    {
      "user_id": "user_0112",
      "items": [
        "item_0003",
        "item_0037",
        "item_0210",
        "item_0296",
        "item_0021",
        "item_0201",
        "item_0285",
        "item_0197",
        "item_0005",
        "item_0175"
      ],
      "categories": [
        "Beauty",
        "Books",
        "Electronics",
        "Fashion",
        "Gourmet",
        "Home",
        "Outdoors"
      ],
      "ndcg@10": 0.6577165980669303,
      "recall@20": 0.25,
      "mrr@10": 1.0,
      "relevance_count": 4,
      "starter_profile": {
        "active": 0.011666666666666665,
        "adventure": 0.011666666666666665,
        "apparel": 0.03916666666666666,
        "aurathreads": 0.021666666666666667,
        "backorder": 0.021666666666666667,
        "beauty": 0.03333333333333333,
        "books": 0.10225,
        "cozynest": 0.027083333333333334,
        "decor": 0.04458333333333333,
        "electronics": 0.025666666666666667,
        "fashion": 0.03916666666666666,
        "fitness": 0.011666666666666665,
        "gadgets": 0.025666666666666667,
        "health": 0.011666666666666665,
        "high_margin": 0.021666666666666667,
        "home": 0.04458333333333333,
        "leafpress": 0.08124999999999999,
        "literature": 0.10225,
        "living": 0.04458333333333333,
        "outdoors": 0.011666666666666665,
        "reading": 0.10225,
        "skincare": 0.03333333333333333,
        "smart": 0.025666666666666667,
        "style": 0.03916666666666666,
        "travel": 0.011666666666666665,
        "velvetsky": 0.021666666666666667,
        "wellness": 0.03333333333333333
      }
    },
    {
      "user_id": "user_0117",
      "items": [
        "item_0101",
        "item_0242",
        "item_0275",
        "item_0036",
        "item_0039",
        "item_0250",
        "item_0130",
        "item_0068",
        "item_0003",
        "item_0175"
      ],
      "categories": [
        "Electronics",
        "Fashion",
        "Fitness",
        "Gourmet",
        "Home"
      ],
      "ndcg@10": 0.019150513030997424,
      "recall@20": 0.08333333333333333,
      "mrr@10": 0.25,
      "relevance_count": 12,
      "starter_profile": {
        "active": 0.05391666666666667,
        "adventure": 0.011666666666666667,
        "apparel": 0.043500000000000004,
        "aurathreads": 0.013,
        "backorder": 0.013,
        "beauty": 0.011666666666666667,
        "books": 0.021,
        "cozynest": 0.013,
        "decor": 0.0305,
        "electronics": 0.06791666666666667,
        "fashion": 0.043500000000000004,
        "fitness": 0.05391666666666667,
        "food": 0.01625,
        "gadgets": 0.06791666666666667,
        "gourmet": 0.01625,
        "health": 0.05391666666666667,
        "high_margin": 0.052,
        "home": 0.0305,
        "ironworks": 0.013,
        "kitchen": 0.01625,
        "literature": 0.021,
        "living": 0.0305,
        "midnightlane": 0.013,
        "new_arrival": 0.026,
        "nimbus": 0.029249999999999998,
        "outdoors": 0.011666666666666667,
        "pulsegear": 0.013,
        "reading": 0.021,
        "savoryco": 0.01625,
        "skincare": 0.011666666666666667,
        "smart": 0.06791666666666667,
        "stride": 0.01625,
        "style": 0.043500000000000004,
        "travel": 0.011666666666666667,
        "voltify": 0.013,
        "wellness": 0.011666666666666667
      }
    },
    {
      "user_id": "user_0022",
      "items": [
        "item_0210",
        "item_0296",
        "item_0275",
        "item_0101",
        "item_0250",
        "item_0003",
        "item_0021",
        "item_0039",
        "item_0201",
        "item_0285"
      ],
      "categories": [
        "Electronics",
        "Fashion",
        "Outdoors"
      ],
      "ndcg@10": 0.07318220021302986,
      "recall@20": 0.2222222222222222,
      "mrr@10": 0.25,
      "relevance_count": 9,
      "starter_profile": {
        "acmetech": 0.010833333333333332,
        "active": 0.011666666666666662,
        "adventure": 0.02791666666666666,
        "apparel": 0.06299999999999997,
        "aurathreads": 0.016249999999999997,
        "backorder": 0.021666666666666664,
        "beauty": 0.011666666666666662,
        "books": 0.02099999999999999,
        "brightliving": 0.02924999999999999,
        "circuitlab": 0.010833333333333332,
        "couturex": 0.012999999999999998,
        "decor": 0.07383333333333332,
        "electronics": 0.04733333333333331,
        "fashion": 0.06299999999999997,
        "fitness": 0.011666666666666662,
        "gadgets": 0.04733333333333331,